Workbook

Sheet Panel Schedule Summary
A1: Call Center Building Electrical Panels Summary (Ground Floor)
A3: Panel Name | B3: Load Type | C3: Connected Load (kVA) | D3: Demand Factor (DF) | E3: Demand Load (kVA)
A4: LP-G1 | B4: Normal Lighting | C4: 2.017 | D4: 0.9 | E4: =C4*D4 -> 1.8153
A5: LP-G2 | B5: Normal Lighting | C5: 1.448 | D5: 0.9 | E5: =C5*D5 -> 1.3032
A6: ELP-G1 | B6: Emergency Lighting | C6: 1.186 | D6: 0.9 | E6: =C6*D6 -> 1.0674
A7: ELP-G2 | B7: Emergency Lighting | C7: 1.192 | D7: 0.9 | E7: =C7*D7 -> 1.0728
A8: PP-G | B8: Normal Power (Sockets) | C8: 72 | D8: 0.8 | E8: =C8*D8 -> 57.6
A9: PP-G1 | B9: Normal Power (Sockets) | C9: 47 | D9: 0.8 | E9: =C9*D9 -> 37.6
A10: EPP-G | B10: Emergency Power (Sockets) | C10: 68 | D10: 0.8 | E10: =C10*D10 -> 54.4
A11: HVAC-G1 | B11: Air Conditioning | C11: 74.5 | D11: 0.8 | E11: =C11*D11 -> 59.6
A12: HVAC-G2 | B12: Air Conditioning | C12: 78.375 | D12: 0.8 | E12: =C12*D12 -> 62.7
A13: HVAC-G3 | B13: Air Conditioning | C13: 79.5 | D13: 0.8 | E13: =C13*D13 -> 63.6
A14: Total (1 Floor) | B14: — | C14: =SUM(C4:C13) -> 425.218 | D14: — | E14: =SUM(E4:E13) -> 340.7587
A15: Total Building (3 Floors) | B15: — | C15: =C14*3 -> 1275.654 | D15: — | E15: =E14*3 -> 1022.2761

Sheet 24-Hour Load Profile
A1: Call Center Building Daily Load Summary (3Identical Floor)
A4: Hour | B4: Lighting (kVA) | C4: Power Sockets (kVA) | D4: HVAC (kVA) | E4: Total Hourly Load (kVA) | F4: PF | G4: Total Hourly Load (KW) | H4: load energy curve
A5: 00:00 - 01:00 | B5: =SUM('Panel Schedule Summary'!E4:E7)*3*0.1 -> 1.57761 | C5: =SUM('Panel Schedule Summary'!E8:E10)*3*0.15 -> 67.32 | D5: =SUM('Panel Schedule Summary'!E11:E13)*3*0.2 -> 111.54 | E5: =SUM(B5:D5) -> 180.43761 | F5: 0.8 | G5: 144.59 | H5: 144.35
A6: 01:00 - 02:00 | B6: =SUM('Panel Schedule Summary'!E4:E7)*3*0.1 -> 1.57761 | C6: =SUM('Panel Schedule Summary'!E8:E10)*3*0.15 -> 67.32 | D6: =SUM('Panel Schedule Summary'!E11:E13)*3*0.2 -> 111.54 | E6: =SUM(B6:D6) -> 180.43761 | F6: 0.8 | G6: 144.59 | H6: =G5+Table1[[#This Row],[Total Hourly Load (KW)]] -> 289.18
A7: 02:00 - 03:00 | B7: =SUM('Panel Schedule Summary'!E4:E7)*3*0.1 -> 1.57761 | C7: =SUM('Panel Schedule Summary'!E8:E10)*3*0.15 -> 67.32 | D7: =SUM('Panel Schedule Summary'!E11:E13)*3*0.2 -> 111.54 | E7: =SUM(B7:D7) -> 180.43761 | F7: 0.8 | G7: 144.59 | H7: =G5*3 -> 433.77
A8: 03:00 - 04:00 | B8: =SUM('Panel Schedule Summary'!E4:E7)*3*0.1 -> 1.57761 | C8: =SUM('Panel Schedule Summary'!E8:E10)*3*0.15 -> 67.32 | D8: =SUM('Panel Schedule Summary'!E11:E13)*3*0.2 -> 111.54 | E8: =SUM(B8:D8) -> 180.43761 | F8: 0.8 | G8: 144.59 | H8: =G6*4 -> 578.36
A9: 04:00 - 05:00 | B9: =SUM('Panel Schedule Summary'!E4:E7)*3*0.1 -> 1.57761 | C9: =SUM('Panel Schedule Summary'!E8:E10)*3*0.15 -> 67.32 | D9: =SUM('Panel Schedule Summary'!E11:E13)*3*0.2 -> 111.54 | E9: =SUM(B9:D9) -> 180.43761 | F9: 0.8 | G9: 144.59 | H9: =G7*5 -> 722.95
A10: 05:00 - 06:00 | B10: =SUM('Panel Schedule Summary'!E4:E7)*3*0.2 -> 3.15522 | C10: =SUM('Panel Schedule Summary'!E8:E10)*3*0.2 -> 89.76 | D10: =SUM('Panel Schedule Summary'!E11:E13)*3*0.25 -> 139.425 | E10: =SUM(B10:D10) -> 232.34022 | F10: 0.8 | G10: 186.35 | H10: =H9+Table1[[#This Row],[Total Hourly Load (KW)]] -> 909.3
A11: 06:00 - 07:00 | B11: =SUM('Panel Schedule Summary'!E4:E7)*3*0.6 -> 9.46566 | C11: =SUM('Panel Schedule Summary'!E8:E10)*3*0.3 -> 134.64 | D11: =SUM('Panel Schedule Summary'!E11:E13)*3*0.4 -> 223.08 | E11: =SUM(B11:D11) -> 367.18566 | F11: 0.8 | G11: 295.19 | H11: =H10+Table1[[#This Row],[Total Hourly Load (KW)]] -> 1204.49
A12: 07:00 - 08:00 | B12: =SUM('Panel Schedule Summary'!E4:E7)*3*0.9 -> 14.19849 | C12: =SUM('Panel Schedule Summary'!E8:E10)*3*0.6 -> 269.28 | D12: =SUM('Panel Schedule Summary'!E11:E13)*3*0.7 -> 390.39 | E12: =SUM(B12:D12) -> 673.86849 | F12: 0.8 | G12: 541.25 | H12: =H11+Table1[[#This Row],[Total Hourly Load (KW)]] -> 1745.74
A13: 08:00 - 09:00 | B13: =SUM('Panel Schedule Summary'!E4:E7)*3*1 -> 15.7761 | C13: =SUM('Panel Schedule Summary'!E8:E10)*3*0.9 -> 403.92 | D13: =SUM('Panel Schedule Summary'!E11:E13)*3*0.9 -> 501.93 | E13: =SUM(B13:D13) -> 921.6261 | F13: 0.8 | G13: 739.7 | H13: =H12+Table1[[#This Row],[Total Hourly Load (KW)]] -> 2485.44
A14: 09:00 - 10:00 | B14: =SUM('Panel Schedule Summary'!E4:E7)*3*1 -> 15.7761 | C14: =SUM('Panel Schedule Summary'!E8:E10)*3*1 -> 448.8 | D14: =SUM('Panel Schedule Summary'!E11:E13)*3*1 -> 557.7 | E14: =SUM(B14:D14) -> 1022.2761 | F14: 0.8 | G14: 820.22 | H14: =H13+Table1[[#This Row],[Total Hourly Load (KW)]] -> 3305.66
A15: 10:00 - 11:00 | B15: =SUM('Panel Schedule Summary'!E4:E7)*3*1 -> 15.7761 | C15: =SUM('Panel Schedule Summary'!E8:E10)*3*1 -> 448.8 | D15: =SUM('Panel Schedule Summary'!E11:E13)*3*1 -> 557.7 | E15: =SUM(B15:D15) -> 1022.2761 | F15: 0.8 | G15: 820.22 | H15: =H14+Table1[[#This Row],[Total Hourly Load (KW)]] -> 4125.88
A16: 11:00 - 12:00 | B16: =SUM('Panel Schedule Summary'!E4:E7)*3*1 -> 15.7761 | C16: =SUM('Panel Schedule Summary'!E8:E10)*3*0.95 -> 426.36 | D16: =SUM('Panel Schedule Summary'!E11:E13)*3*1 -> 557.7 | E16: =SUM(B16:D16) -> 999.8361 | F16: 0.8 | G16: 802.27 | H16: =H15+Table1[[#This Row],[Total Hourly Load (KW)]] -> 4928.15
A17: 12:00 - 13:00 | B17: =SUM('Panel Schedule Summary'!E4:E7)*3*1 -> 15.7761 | C17: =SUM('Panel Schedule Summary'!E8:E10)*3*0.9 -> 403.92 | D17: =SUM('Panel Schedule Summary'!E11:E13)*3*1 -> 557.7 | E17: =SUM(B17:D17) -> 977.3961 | F17: 0.8 | G17: 784.32 | H17: =H16+Table1[[#This Row],[Total Hourly Load (KW)]] -> 5712.47
A18: 13:00 - 14:00 | B18: =SUM('Panel Schedule Summary'!E4:E7)*3*1 -> 15.7761 | C18: =SUM('Panel Schedule Summary'!E8:E10)*3*0.95 -> 426.36 | D18: =SUM('Panel Schedule Summary'!E11:E13)*3*1 -> 557.7 | E18: =SUM(B18:D18) -> 999.8361 | F18: 0.8 | G18: 802.27 | H18: =H17+Table1[[#This Row],[Total Hourly Load (KW)]] -> 6514.74
A19: 14:00 - 15:00 | B19: =SUM('Panel Schedule Summary'!E4:E7)*3*1 -> 15.7761 | C19: =SUM('Panel Schedule Summary'!E8:E10)*3*1 -> 448.8 | D19: =SUM('Panel Schedule Summary'!E11:E13)*3*1 -> 557.7 | E19: =SUM(B19:D19) -> 1022.2761 | F19: 0.8 | G19: 820.22 | H19: =H18+Table1[[#This Row],[Total Hourly Load (KW)]] -> 7334.96
A20: 15:00 - 16:00 | B20: =SUM('Panel Schedule Summary'!E4:E7)*3*1 -> 15.7761 | C20: =SUM('Panel Schedule Summary'!E8:E10)*3*1 -> 448.8 | D20: =SUM('Panel Schedule Summary'!E11:E13)*3*1 -> 557.7 | E20: =SUM(B20:D20) -> 1022.2761 | F20: 0.8 | G20: 820.22 | H20: =H19+Table1[[#This Row],[Total Hourly Load (KW)]] -> 8155.18
A21: 16:00 - 17:00 | B21: =SUM('Panel Schedule Summary'!E4:E7)*3*0.9 -> 14.19849 | C21: =SUM('Panel Schedule Summary'!E8:E10)*3*0.8 -> 359.04 | D21: =SUM('Panel Schedule Summary'!E11:E13)*3*0.9 -> 501.93 | E21: =SUM(B21:D21) -> 875.16849 | F21: 0.8 | G21: 702.29 | H21: =H20+Table1[[#This Row],[Total Hourly Load (KW)]] -> 8857.47
A22: 17:00 - 18:00 | B22: =SUM('Panel Schedule Summary'!E4:E7)*3*0.7 -> 11.04327 | C22: =SUM('Panel Schedule Summary'!E8:E10)*3*0.5 -> 224.4 | D22: =SUM('Panel Schedule Summary'!E11:E13)*3*0.7 -> 390.39 | E22: =SUM(B22:D22) -> 625.83327 | F22: 0.8 | G22: 502.35 | H22: =H21+Table1[[#This Row],[Total Hourly Load (KW)]] -> 9359.82
A23: 18:00 - 19:00 | B23: =SUM('Panel Schedule Summary'!E4:E7)*3*0.5 -> 7.88805 | C23: =SUM('Panel Schedule Summary'!E8:E10)*3*0.35 -> 157.08 | D23: =SUM('Panel Schedule Summary'!E11:E13)*3*0.5 -> 278.85 | E23: =SUM(B23:D23) -> 443.81805 | F23: 0.8 | G23: 356.25 | H23: =H22+Table1[[#This Row],[Total Hourly Load (KW)]] -> 9716.07
A24: 19:00 - 20:00 | B24: =SUM('Panel Schedule Summary'!E4:E7)*3*0.4 -> 6.31044 | C24: =SUM('Panel Schedule Summary'!E8:E10)*3*0.3 -> 134.64 | D24: =SUM('Panel Schedule Summary'!E11:E13)*3*0.4 -> 223.08 | E24: =SUM(B24:D24) -> 364.03044 | F24: 0.8 | G24: 292.18 | H24: =H23+Table1[[#This Row],[Total Hourly Load (KW)]] -> 10008.25
A25: 20:00 - 21:00 | B25: =SUM('Panel Schedule Summary'!E4:E7)*3*0.3 -> 4.73283 | C25: =SUM('Panel Schedule Summary'!E8:E10)*3*0.25 -> 112.2 | D25: =SUM('Panel Schedule Summary'!E11:E13)*3*0.3 -> 167.31 | E25: =SUM(B25:D25) -> 284.24283 | F25: 0.8 | G25: 228.11 | H25: =H24+Table1[[#This Row],[Total Hourly Load (KW)]] -> 10236.36
A26: 21:00 - 22:00 | B26: =SUM('Panel Schedule Summary'!E4:E7)*3*0.2 -> 3.15522 | C26: =SUM('Panel Schedule Summary'!E8:E10)*3*0.2 -> 89.76 | D26: =SUM('Panel Schedule Summary'!E11:E13)*3*0.25 -> 139.425 | E26: =SUM(B26:D26) -> 232.34022 | F26: 0.8 | G26: 186.35 | H26: =H25+Table1[[#This Row],[Total Hourly Load (KW)]] -> 10422.71
A27: 22:00 - 23:00 | B27: =SUM('Panel Schedule Summary'!E4:E7)*3*0.2 -> 3.15522 | C27: =SUM('Panel Schedule Summary'!E8:E10)*3*0.2 -> 89.76 | D27: =SUM('Panel Schedule Summary'!E11:E13)*3*0.2 -> 111.54 | E27: =SUM(B27:D27) -> 204.45522 | F27: 0.8 | G27: 164.04 | H27: =H26+Table1[[#This Row],[Total Hourly Load (KW)]] -> 10586.75
A28: 23:00 - 00:00 | B28: =SUM('Panel Schedule Summary'!E4:E7)*3*0.1 -> 1.57761 | C28: =SUM('Panel Schedule Summary'!E8:E10)*3*0.15 -> 67.32 | D28: =SUM('Panel Schedule Summary'!E11:E13)*3*0.2 -> 111.54 | E28: =SUM(B28:D28) -> 180.43761 | F28: 0.8 | G28: 144.59 | H28: =H27+Table1[[#This Row],[Total Hourly Load (KW)]] -> 10731.34
A29: Average / Total | B29: =AVERAGE(B5:B28) -> 8.8740562 | C29: =AVERAGE(C5:C28) -> 230.01 | D29: =AVERAGE(D5:D28) -> 318.35375 | E29: =SUM(E5:E28) -> 13373.707 | G29: =SUM(G5:G28) -> 10731.34
A31: MAX Load KW | B31: Energy KW | C31: average load KW | D31: Load factor | E31: cost K
A32: =MAX(Table1[Total Hourly Load (KW)]) -> 820.22 | B32: =SUM(Table1[Total Hourly Load (KW)]) -> 10731.34 | C32: =Table4[[#This Row],[Energy KW]]/24 -> 447.13917 | D32: =Table4[[#This Row],[average load KW]]/Table4[[#This Row],[MAX Load KW]] -> 0.54514541 | E32: =Table4[[#This Row],[Energy KW]]*2.79*30/10^3 -> 898.21316

Sheet solar gen 
A1: Smart Energy Monitoring and Management - Call Center Building (3 Identical Floors)
A4: Hour | B4: Building Load (kW) | C4: Solar Generation (kW) | D4: Self-Consumed Solar (kW) | E4: Net Load / Grid Import (kW) | F4: Solar Share (%) | G4: Grid Dependency (%) | H4: Load Share (%) | I4: Status / Peak
A5: 00:00 - 01:00 | B5: 144.59 | C5: 0 | D5: 0 | E5: 144.59 | F5: 0 | G5: 1 | H5: 0.0135 | I5: Night Load
A6: 01:00 - 02:00 | B6: 144.59 | C6: 0 | D6: 0 | E6: 144.59 | F6: 0 | G6: 1 | H6: 0.0135 | I6: Night Load
A7: 02:00 - 03:00 | B7: 144.59 | C7: 0 | D7: 0 | E7: 144.59 | F7: 0 | G7: 1 | H7: 0.0135 | I7: Night Load
A8: 03:00 - 04:00 | B8: 144.59 | C8: 0 | D8: 0 | E8: 144.59 | F8: 0 | G8: 1 | H8: 0.0135 | I8: Night Load
A9: 04:00 - 05:00 | B9: 144.59 | C9: 0 | D9: 0 | E9: 144.59 | F9: 0 | G9: 1 | H9: 0.0135 | I9: Night Load
A10: 05:00 - 06:00 | B10: 186.35 | C10: 0 | D10: 0 | E10: 186.35 | F10: 0 | G10: 1 | H10: 0.0174 | I10: Night Load
A11: 06:00 - 07:00 | B11: 295.19 | C11: 35 | D11: 35 | E11: 260.19 | F11: 0.1186 | G11: 0.8814 | H11: 0.0275 | I11: Day Operation
A12: 07:00 - 08:00 | B12: 541.25 | C12: 105 | D12: 105 | E12: 436.25 | F12: 0.194 | G12: 0.806 | H12: 0.0504 | I12: Day Operation
A13: 08:00 - 09:00 | B13: 739.7 | C13: 210 | D13: 210 | E13: 529.7 | F13: 0.2839 | G13: 0.7161 | H13: 0.0689 | I13: Day Operation
A14: 09:00 - 10:00 | B14: 820.22 | C14: 280 | D14: 280 | E14: 540.22 | F14: 0.3414 | G14: 0.6586 | H14: 0.0764 | I14: Day Operation
A15: 10:00 - 11:00 | B15: 820.22 | C15: 332.5 | D15: 332.5 | E15: 487.72 | F15: 0.4054 | G15: 0.5946 | H15: 0.0764 | I15: Day Operation
A16: 11:00 - 12:00 | B16: 802.27 | C16: 350 | D16: 350 | E16: 452.27 | F16: 0.4363 | G16: 0.5637 | H16: 0.0748 | I16: Day Operation
... A29: Total Energy (kWh/day) | B29: 10731.34 | C29: 2625 | D29: 2625 | E29: 8106.34 | F29: 0.2446 | G29: 0.7554 | H29: 1 | I29: Daily Totals
A31: MAX Load Grid KW | B31: Energy Grid KW | C31: average load Grid KW | D31: Load factor | E31: cost K
A32: =MAX(E4:E28) -> 610.22 | B32: =SUM(E5:E28) -> 8106.34 | C32: =B32/24 -> 337.76417 | D32: =C32/A32 -> 0.55351212 | E32: =B32*(2.79*30/10^3) -> 678.50066
